Título do Produto,Preço do Produto
"OVOS FÉRTEIS DE CODORNAS BOB WHITE","R$100"
"WYANDOTTE PRATA LACEADO 12 OVOS GALADOS - LINHAGEM IMPORTADA","R$230"
"12 OVOS GALADOS DE CARIJO GIGANTE OU PEDRES + 3 DE BRINDE","R$251,75"
"OVOS DE AVESTRUZ GALADO","R$600"
"CHOCADEIRA AUTOMÁTICA PARA 12 OVOS AVESTRUZ EMA - CHOCMASTER","R$2.857"
"CHOCADEIRA AUTOMÁTICA DIGITAL OVOS AVESTRUZ EMU EMA GALINHA","R$8.200"
"CHOCADEIRA AUTOMÁTICA  12 OVOS AVESTRUZ EMU EMA - CHOCMASTER","R$2.857"
"CHOCADEIRA AUTOMÁTICA  12 OVOS AVESTRUZ EMU EMA - CHOCMASTER","R$2.559"
"CHOCADEIRA ATÉ 59 OVOS","R$469"
"EMBALAGEM PARA 12 OVOS DE GALINHA 100 UNID","R$128,60"
"SUPLEMENTO MINERAVES GALINHA POEDEIRA POSTURA CODORNA 10KG","R$299"
"MINERAVES 2KG + IMUNO AVES P/ INFECÇÕES AVES GALINHA FRANGO","R$78,90"
"CHOCADEIRA AUTOMÁTICA PARA 6 OVOS AVESTRUZ EMA - CHOCAFAST","R$1.599"
"CHOCADEIRA OVO  PREMIUM EMA AVESTRUZ EMU AMARELA","R$4.299"
"CHOCADEIRA AUTOMÁTICA PARA  AVESTRUZ EMA - CHOCAFAST","R$1.599"
"CHOCADEIRA CHOCAFAST 6 OVOS AVESTRUZ  EMA + INVERSOR 12 V","R$1.999"
"CHOCADEIRA PREMIUM ECOLÓGICA IP130 EAD EMA AVESTRUZ","R$5.315"
"CHOCADEIRA AVESTRUZ EMU EMA AUTOMÁTICA DIGITAL 12 OVOS","R$3.739"
"CHOCADEIRA AUTOMÁTICA DIGITAL LUNA PARA AVESTRUZ 36 OVOS","R$12.539"
"CHOCADEIRA AVESTRUZ EMU EMA AUTOMÁTICA DIGITAL 12 OVOS","R$3.519"
"CHOCADEIRA AUTOMÁTICA DIGITAL LUNA PARA AVESTRUZ 36 OVOS","R$11.659"
"CHOCADEIRA PREMIUM ECOLÓGICA IP130 EAD EMA AVESTRUZ","R$4.057"
"FILHOTES DE AVESTRUZ (PRONTA ENTREGA)","R$4.690"
"OVOS FÉRTEIS DE CODORNAS BOB WHITE","R$100"
"CHOCADEIRA ECLOPINTO 110 A 120 OVOS,  OVOSCÓPIO GIRATÓRIO...","R$689"
"OVOS DE ANGOLAS MISTO","R$120"
"GAIOLA GALINHA POEDEIRA OVO POSTURA SUSPENSA CAP. 48 AVES","R$3.207"
"WYANDOTTE PRATA LACEADO 12 OVOS GALADOS - LINHAGEM IMPORTADA","R$230"
"OVOS DE GALINHA DE ANGOLA BAIA OURO ( +2 OVOS DE CORTESIA)","R$130"
"120 OVOS FÉRTEIS DE CODORNA GIGANTE + FRETE RS + EMBALAGEM","R$203"
"CHOCADEIRA  72 OVOS + OVOSCÓPIO GIRATÓRIO, AR FORÇADO.","R$569"
"OVOS GALADOS GALINHA SATIN FRIZZLE - AVES FRISADAS","R$84,45"
"ÓVOS FÉRTEIS BRAHMA WHITE/LIGHT/LEMON/DARK AVES ORNAMENTÁIS","R$80"
"DUZIA OVOS GALADOS FÉRTEIS FAISÃO MISTOS ( 12 UND )","R$299"
"OVOS POEDEIRAS EMBRAPA 51- 30 OVOS","R$199"
"OVOS PERU CARAMELO, BRANCO, PRETO, BRONZE, ROYAL 6UN","R$120"
"12 OVOS GALADOS DE CARIJO GIGANTE OU PEDRES + 3 DE BRINDE","R$251,75"
"CHOCADEIRA 100 OVOS DE GALINHA AUTOMATICA","R$543,51"
"OVOS CODORNÃO GALADOS - KIT COM 5 DÚZIAS + 4 OVOS BRINDE","R$79,90"
"OVOS GALADOS FÉRTEIS DE EMBRAPA 051 - MEIA DZ","R$74,10"
"OVOS GALINHA BALÃO GIGANTE","R$210"
"OVOS GALADOS PERU ROYAL, NEGRO, AZUL, BRANCO, CARAMELO 12UN","R$240"
"OVOS GALADOS GALINHAS GLC OVOS COLORIDOS","R$55"
"OVOS GALADOS FÉRTEIS DE BRAHMA LIGHT (COLUMBIA) 1 DÚZIA","R$223,20"
"OVOS GALADOS GIGANTE NEGRO DE JERSEY (12 OVOS)","R$120"
"OVOS GALADOS GIGANTE NEGRO DE JERSEY - RAÇA PURA","R$100"
"20 OVOS GALADOS CODORNA CHINESA - CHINESINHAS","R$67,80"
"CHOCADEIRA ECLOPINTO 50 OVOS, AUTOMÁTICA, DIGITAL.","R$549"
"OVOS GALINHA DE ANGOLA CHOCOLATE.","R$319,90"
"SEMANA DE OFERTA OVOS  FRANGOS SOROCABA","R$149,99"
"MACARRÃO DE SÊMOLA COM OVOS GRANO DURO TAGLIOLINI NIDI PAGANINI PACOTE 500G","R$31,11"
"OVOS GALADOS DE NEW HAMPSHIRE","R$130"
"OVOS GALADOS ÍNDIO GIGANTE, 100 REAIS A  DÚZIA  (15 OVOS)","R$120"
"OVOS GALADOS GALINHAS RAÇAS BOA PARA CARNE 5 KG","R$190"
